{
    "version":"1.0",
    "title":"编码器通道",
    "multiple_choice":true,
    "input_type":"choice",
    "defVal":0,
    "data": [
        {
            "code": 1,
            "name": "通道1"
        },
        {
            "code": 2,
            "name": "通道2"
        },
        {
            "code": 4,
            "name": "通道3"
        },
        {
            "code": 8,
            "name": "通道4"
        },
        {
            "code": 16,
            "name": "通道5"
        },
        {
            "code": 32,
            "name": "通道6"
        },
        {
            "code": 64,
            "name": "通道7"
        },
        {
            "code": 128,
            "name": "通道8"
        }
    ]
}