{
    "version":"1.0",
    "title":"选择字符串",
    "multiple_choice":false,
    "input_type":"choice",
    "defVal":0,
    "data":[
        {
            "code":0,
            "name":"字符串1"
        },
        {
            "code":1,
            "name":"字符串2"
        },
        {
            "code":2,
            "name":"字符串3"
        },
        {
            "code":3,
            "name":"字符串4"
        },
        {
            "code":4,
            "name":"字符串5"
        },
        {
            "code":5,
            "name":"字符串6"
        },
        {
            "code":6,
            "name":"字符串7"
        },
        {
            "code":7,
            "name":"字符串8"
        },
        {
            "code":8,
            "name":"字符串9"
        },
        {
            "code":9,
            "name":"字符串10"
        },
        {
            "code":10,
            "name":"字符串11"
        },
        {
            "code":11,
            "name":"字符串12"
        },
        {
            "code":12,
            "name":"字符串13"
        },
        {
            "code":13,
            "name":"字符串14"
        },
        {
            "code":14,
            "name":"字符串15"
        },
        {
            "code":15,
            "name":"字符串16"
        },
        {
            "code":16,
            "name":"字符串17"
        },
        {
            "code":17,
            "name":"字符串18"
        },
        {
            "code":18,
            "name":"字符串19"
        },
        {
            "code":19,
            "name":"字符串20"
        },
        {
            "code":20,
            "name":"字符串21"
        },
        {
            "code":21,
            "name":"字符串22"
        },
        {
            "code":22,
            "name":"字符串23"
        },
        {
            "code":23,
            "name":"字符串24"
        }
    ]
}