{
    "version":"1.0",
    "title":"选择密码",
    "multiple_choice":false,
    "input_type":"choice",
    "defVal":0,
    "data":[
        {
            "code":0,
            "name":"密码1"
        },
        {
            "code":1,
            "name":"密码2"
        },
        {
            "code":2,
            "name":"密码3"
        },
        {
            "code":3,
            "name":"密码4"
        },
        {
            "code":4,
            "name":"密码5"
        },
        {
            "code":5,
            "name":"密码6"
        },
        {
            "code":6,
            "name":"密码7"
        },
        {
            "code":7,
            "name":"密码8"
        },
        {
            "code":8,
            "name":"密码9"
        },
        {
            "code":9,
            "name":"密码10"
        },
        {
            "code":10,
            "name":"密码11"
        },
        {
            "code":11,
            "name":"密码12"
        },
        {
            "code":12,
            "name":"密码13"
        },
        {
            "code":13,
            "name":"密码14"
        },
        {
            "code":14,
            "name":"密码15"
        },
        {
            "code":15,
            "name":"密码16"
        },
        {
            "code":16,
            "name":"密码17"
        },
        {
            "code":17,
            "name":"密码18"
        },
        {
            "code":18,
            "name":"密码19"
        },
        {
            "code":19,
            "name":"密码20"
        },
        {
            "code":20,
            "name":"密码21"
        },
        {
            "code":21,
            "name":"密码22"
        },
        {
            "code":22,
            "name":"密码23"
        },
        {
            "code":23,
            "name":"密码24"
        }
    ]
}